timeStamp,elapsed,label,responseCode,responseMessage,threadName,dataType,success,failureMessage,bytes,sentBytes,grpThreads,allThreads,URL,Latency,IdleTime,Connect
1.71992E+12,2005,Department,200,OK,Thread Group 1-1,text,FALSE,"The operation lasted too long: It took 2,005 milliseconds, but should not have lasted longer than 2,000 milliseconds.",87794,274,1,1,https://www.mnmjec.ac.in/ECE_Department.html,468,0,384
1.71992E+12,477,Department-0,301,Moved Permanently,Thread Group 1-1,text,TRUE,,374,137,1,1,http://www.mnmjec.ac.in/ECE_Department.html,468,0,384
1.71992E+12,1523,Department-1,200,OK,Thread Group 1-1,text,TRUE,,87420,137,1,1,https://www.mnmjec.ac.in/ECE_Department.html,755,0,649
1.71992E+12,711,HistoryPage,200,OK,Thread Group 1-1,text,TRUE,,27783,260,1,1,https://www.mnmjec.ac.in/History.html,73,0,0
1.71992E+12,73,HistoryPage-0,301,Moved Permanently,Thread Group 1-1,text,TRUE,,367,130,1,1,http://www.mnmjec.ac.in/History.html,73,0,0
1.71992E+12,637,HistoryPage-1,200,OK,Thread Group 1-1,text,TRUE,,27416,130,1,1,https://www.mnmjec.ac.in/History.html,363,0,0
1.71992E+12,659,MessagePage,200,OK,Thread Group 1-1,text,TRUE,,38757,260,1,1,https://www.mnmjec.ac.in/Message.html,82,0,0
1.71992E+12,82,MessagePage-0,301,Moved Permanently,Thread Group 1-1,text,TRUE,,367,130,1,1,http://www.mnmjec.ac.in/Message.html,82,0,0
1.71992E+12,576,MessagePage-1,200,OK,Thread Group 1-1,text,TRUE,,38390,130,1,1,https://www.mnmjec.ac.in/Message.html,259,0,0
1.71992E+12,2435,AdminPage,200,OK,Thread Group 1-1,text,FALSE,"The operation lasted too long: It took 2,435 milliseconds, but should not have lasted longer than 2,000 milliseconds.",33318,274,1,1,https://www.mnmjec.ac.in/Administration.html,80,0,0
1.71992E+12,80,AdminPage-0,301,Moved Permanently,Thread Group 1-1,text,TRUE,,374,137,1,1,http://www.mnmjec.ac.in/Administration.html,80,0,0
1.71992E+12,2355,AdminPage-1,200,OK,Thread Group 1-1,text,TRUE,,32944,137,1,1,https://www.mnmjec.ac.in/Administration.html,336,0,0
1.71992E+12,753,Member of Council page,200,OK,Thread Group 1-1,text,TRUE,,30781,282,1,1,https://www.mnmjec.ac.in/Members_Of_Council.html,75,0,0
1.71992E+12,76,Member of Council page-0,301,Moved Permanently,Thread Group 1-1,text,TRUE,,378,141,1,1,http://www.mnmjec.ac.in/Members_Of_Council.html,75,0,0
1.71992E+12,677,Member of Council page-1,200,OK,Thread Group 1-1,text,TRUE,,30403,141,1,1,https://www.mnmjec.ac.in/Members_Of_Council.html,461,0,0
1.71992E+12,730,AdvistorPage,200,OK,Thread Group 1-1,text,TRUE,,31973,284,1,1,https://www.mnmjec.ac.in/Members-Of-Advisory.html,65,0,0
1.71992E+12,65,AdvistorPage-0,301,Moved Permanently,Thread Group 1-1,text,TRUE,,379,142,1,1,http://www.mnmjec.ac.in/Members-Of-Advisory.html,65,0,0
1.71992E+12,665,AdvistorPage-1,200,OK,Thread Group 1-1,text,TRUE,,31594,142,1,1,https://www.mnmjec.ac.in/Members-Of-Advisory.html,358,0,0
1.71992E+12,908,JainPage,200,OK,Thread Group 1-1,text,TRUE,,29042,260,1,1,https://www.mnmjec.ac.in/Jainism.html,68,0,0
1.71992E+12,68,JainPage-0,301,Moved Permanently,Thread Group 1-1,text,TRUE,,367,130,1,1,http://www.mnmjec.ac.in/Jainism.html,68,0,0
1.71992E+12,840,JainPage-1,200,OK,Thread Group 1-1,text,TRUE,,28675,130,1,1,https://www.mnmjec.ac.in/Jainism.html,574,0,0
1.71992E+12,2660,CivilPage,200,OK,Thread Group 1-1,text,FALSE,"The operation lasted too long: It took 2,660 milliseconds, but should not have lasted longer than 2,000 milliseconds.",94007,278,1,1,https://www.mnmjec.ac.in/Civil_Department.html,77,0,0
1.71992E+12,77,CivilPage-0,301,Moved Permanently,Thread Group 1-1,text,TRUE,,376,139,1,1,http://www.mnmjec.ac.in/Civil_Department.html,77,0,0
1.71992E+12,2583,CivilPage-1,200,OK,Thread Group 1-1,text,TRUE,,93631,139,1,1,https://www.mnmjec.ac.in/Civil_Department.html,416,0,0
1.71992E+12,2841,MechPage,200,OK,Thread Group 1-1,text,FALSE,"The operation lasted too long: It took 2,841 milliseconds, but should not have lasted longer than 2,000 milliseconds.",112746,288,1,1,https://www.mnmjec.ac.in/Mechanical_Department.html,73,0,0
1.71992E+12,73,MechPage-0,301,Moved Permanently,Thread Group 1-1,text,TRUE,,381,144,1,1,http://www.mnmjec.ac.in/Mechanical_Department.html,73,0,0
1.71992E+12,2768,MechPage-1,200,OK,Thread Group 1-1,text,TRUE,,112365,144,1,1,https://www.mnmjec.ac.in/Mechanical_Department.html,333,0,0
1.71992E+12,3213,EcE,200,OK,Thread Group 1-1,text,FALSE,"The operation lasted too long: It took 3,213 milliseconds, but should not have lasted longer than 2,000 milliseconds.",87794,274,1,1,https://www.mnmjec.ac.in/ECE_Department.html,79,0,0
1.71992E+12,79,EcE-0,301,Moved Permanently,Thread Group 1-1,text,TRUE,,374,137,1,1,http://www.mnmjec.ac.in/ECE_Department.html,79,0,0
1.71992E+12,3133,EcE-1,200,OK,Thread Group 1-1,text,TRUE,,87420,137,1,1,https://www.mnmjec.ac.in/ECE_Department.html,778,0,0
